{
  "epoch": 6,
  "metrics": {
    "loss": 0.04826874575577676,
    "accuracy": 0.9866197183098592,
    "precision": 0.9835173378945732,
    "recall": 0.9898278560250391,
    "f1": 0.9866625068247407,
    "auc": 0.9986371139373189,
    "specificity": 0.9834115805946791
  },
  "model_name": "tf_efficientnetv2_s",
  "image_size": 380
}